,ra,dec
0,183.52782,2.26594
1,183.88735,2.06734
2,184.25304,1.86721
3,184.62468,1.66563
4,185.00206,1.46267
5,185.38496,1.25842
6,185.96925,0.94979
