ra,dec
123.26689,18.08464
123.66984,18.02083
124.07244,17.95619
124.47468,17.89072
124.87658,17.82442
125.27814,17.75730
125.67935,17.68935
