ra,dec
101.15166666666666,23.285611111111113
102.14708333333331,23.237361111111113
103.8175,23.115638888888892
105.97666666666666,22.925611111111113
108.59208333333332,22.652805555555553
110.94041666666666,22.370055555555556
